week_index,theme,subject
2,how_to,[how_to] synthetic issue #1
20,performance,[performance] synthetic issue #2
17,account,[account] synthetic issue #3
11,performance,[performance] synthetic issue #4
11,account,[account] synthetic issue #5
22,performance,[performance] synthetic issue #6
2,account,[account] synthetic issue #7
18,billing,[billing] synthetic issue #8
5,performance,[performance] synthetic issue #9
2,bug,[bug] synthetic issue #10
13,how_to,[how_to] synthetic issue #11
25,performance,[performance] synthetic issue #12
19,account,[account] synthetic issue #13
19,account,[account] synthetic issue #14
18,bug,[bug] synthetic issue #15
20,performance,[performance] synthetic issue #16
13,performance,[performance] synthetic issue #17
3,bug,[bug] synthetic issue #18
21,billing,[billing] synthetic issue #19
11,billing,[billing] synthetic issue #20
13,performance,[performance] synthetic issue #21
9,how_to,[how_to] synthetic issue #22
4,account,[account] synthetic issue #23
24,how_to,[how_to] synthetic issue #24
20,account,[account] synthetic issue #25
16,bug,[bug] synthetic issue #26
10,performance,[performance] synthetic issue #27
21,billing,[billing] synthetic issue #28
14,how_to,[how_to] synthetic issue #29
11,performance,[performance] synthetic issue #30
11,account,[account] synthetic issue #31
5,performance,[performance] synthetic issue #32
2,billing,[billing] synthetic issue #33
14,bug,[bug] synthetic issue #34
23,billing,[billing] synthetic issue #35
1,billing,[billing] synthetic issue #36
22,performance,[performance] synthetic issue #37
21,performance,[performance] synthetic issue #38
7,performance,[performance] synthetic issue #39
16,account,[account] synthetic issue #40
4,performance,[performance] synthetic issue #41
19,performance,[performance] synthetic issue #42
18,billing,[billing] synthetic issue #43
9,billing,[billing] synthetic issue #44
1,how_to,[how_to] synthetic issue #45
25,account,[account] synthetic issue #46
11,billing,[billing] synthetic issue #47
23,how_to,[how_to] synthetic issue #48
17,performance,[performance] synthetic issue #49
20,billing,[billing] synthetic issue #50
19,bug,[bug] synthetic issue #51
5,account,[account] synthetic issue #52
9,performance,[performance] synthetic issue #53
12,bug,[bug] synthetic issue #54
12,performance,[performance] synthetic issue #55
1,bug,[bug] synthetic issue #56
14,performance,[performance] synthetic issue #57
4,bug,[bug] synthetic issue #58
19,how_to,[how_to] synthetic issue #59
17,bug,[bug] synthetic issue #60
23,bug,[bug] synthetic issue #61
19,account,[account] synthetic issue #62
9,billing,[billing] synthetic issue #63
25,billing,[billing] synthetic issue #64
10,bug,[bug] synthetic issue #65
8,performance,[performance] synthetic issue #66
23,performance,[performance] synthetic issue #67
9,account,[account] synthetic issue #68
1,bug,[bug] synthetic issue #69
12,bug,[bug] synthetic issue #70
20,billing,[billing] synthetic issue #71
4,how_to,[how_to] synthetic issue #72
12,account,[account] synthetic issue #73
3,performance,[performance] synthetic issue #74
17,how_to,[how_to] synthetic issue #75
12,bug,[bug] synthetic issue #76
8,account,[account] synthetic issue #77
5,how_to,[how_to] synthetic issue #78
14,billing,[billing] synthetic issue #79
17,bug,[bug] synthetic issue #80
24,billing,[billing] synthetic issue #81
11,billing,[billing] synthetic issue #82
4,billing,[billing] synthetic issue #83
21,how_to,[how_to] synthetic issue #84
16,performance,[performance] synthetic issue #85
18,bug,[bug] synthetic issue #86
2,bug,[bug] synthetic issue #87
8,account,[account] synthetic issue #88
19,performance,[performance] synthetic issue #89
21,how_to,[how_to] synthetic issue #90
11,bug,[bug] synthetic issue #91
20,account,[account] synthetic issue #92
21,bug,[bug] synthetic issue #93
10,bug,[bug] synthetic issue #94
23,account,[account] synthetic issue #95
7,how_to,[how_to] synthetic issue #96
6,performance,[performance] synthetic issue #97
17,how_to,[how_to] synthetic issue #98
16,performance,[performance] synthetic issue #99
3,bug,[bug] synthetic issue #100
21,bug,[bug] synthetic issue #101
5,bug,[bug] synthetic issue #102
20,billing,[billing] synthetic issue #103
0,account,[account] synthetic issue #104
20,bug,[bug] synthetic issue #105
20,how_to,[how_to] synthetic issue #106
20,performance,[performance] synthetic issue #107
17,performance,[performance] synthetic issue #108
12,how_to,[how_to] synthetic issue #109
18,how_to,[how_to] synthetic issue #110
7,account,[account] synthetic issue #111
20,performance,[performance] synthetic issue #112
14,performance,[performance] synthetic issue #113
11,account,[account] synthetic issue #114
13,performance,[performance] synthetic issue #115
14,billing,[billing] synthetic issue #116
0,how_to,[how_to] synthetic issue #117
3,billing,[billing] synthetic issue #118
6,performance,[performance] synthetic issue #119
2,account,[account] synthetic issue #120
11,how_to,[how_to] synthetic issue #121
17,how_to,[how_to] synthetic issue #122
17,billing,[billing] synthetic issue #123
12,account,[account] synthetic issue #124
22,billing,[billing] synthetic issue #125
14,billing,[billing] synthetic issue #126
2,billing,[billing] synthetic issue #127
19,billing,[billing] synthetic issue #128
14,how_to,[how_to] synthetic issue #129
16,how_to,[how_to] synthetic issue #130
14,bug,[bug] synthetic issue #131
14,billing,[billing] synthetic issue #132
2,billing,[billing] synthetic issue #133
14,bug,[bug] synthetic issue #134
20,billing,[billing] synthetic issue #135
7,performance,[performance] synthetic issue #136
15,billing,[billing] synthetic issue #137
0,bug,[bug] synthetic issue #138
9,bug,[bug] synthetic issue #139
11,bug,[bug] synthetic issue #140
25,billing,[billing] synthetic issue #141
5,billing,[billing] synthetic issue #142
7,account,[account] synthetic issue #143
10,billing,[billing] synthetic issue #144
25,how_to,[how_to] synthetic issue #145
22,how_to,[how_to] synthetic issue #146
0,bug,[bug] synthetic issue #147
6,bug,[bug] synthetic issue #148
21,performance,[performance] synthetic issue #149
1,performance,[performance] synthetic issue #150
22,bug,[bug] synthetic issue #151
7,bug,[bug] synthetic issue #152
23,bug,[bug] synthetic issue #153
7,how_to,[how_to] synthetic issue #154
11,performance,[performance] synthetic issue #155
17,bug,[bug] synthetic issue #156
3,bug,[bug] synthetic issue #157
14,account,[account] synthetic issue #158
13,billing,[billing] synthetic issue #159
20,how_to,[how_to] synthetic issue #160
25,performance,[performance] synthetic issue #161
17,billing,[billing] synthetic issue #162
10,billing,[billing] synthetic issue #163
10,billing,[billing] synthetic issue #164
10,account,[account] synthetic issue #165
21,billing,[billing] synthetic issue #166
8,billing,[billing] synthetic issue #167
4,billing,[billing] synthetic issue #168
8,billing,[billing] synthetic issue #169
0,how_to,[how_to] synthetic issue #170
2,billing,[billing] synthetic issue #171
2,how_to,[how_to] synthetic issue #172
20,how_to,[how_to] synthetic issue #173
18,performance,[performance] synthetic issue #174
18,billing,[billing] synthetic issue #175
12,performance,[performance] synthetic issue #176
18,performance,[performance] synthetic issue #177
4,billing,[billing] synthetic issue #178
23,performance,[performance] synthetic issue #179
13,account,[account] synthetic issue #180
24,bug,[bug] synthetic issue #181
3,account,[account] synthetic issue #182
12,how_to,[how_to] synthetic issue #183
18,how_to,[how_to] synthetic issue #184
12,account,[account] synthetic issue #185
11,bug,[bug] synthetic issue #186
4,performance,[performance] synthetic issue #187
9,bug,[bug] synthetic issue #188
6,performance,[performance] synthetic issue #189
7,how_to,[how_to] synthetic issue #190
17,billing,[billing] synthetic issue #191
16,bug,[bug] synthetic issue #192
15,bug,[bug] synthetic issue #193
9,billing,[billing] synthetic issue #194
24,billing,[billing] synthetic issue #195
2,bug,[bug] synthetic issue #196
8,billing,[billing] synthetic issue #197
3,billing,[billing] synthetic issue #198
8,performance,[performance] synthetic issue #199
25,performance,[performance] synthetic issue #200
9,performance,[performance] synthetic issue #201
23,bug,[bug] synthetic issue #202
12,account,[account] synthetic issue #203
18,how_to,[how_to] synthetic issue #204
11,billing,[billing] synthetic issue #205
6,billing,[billing] synthetic issue #206
19,performance,[performance] synthetic issue #207
25,billing,[billing] synthetic issue #208
6,how_to,[how_to] synthetic issue #209
20,account,[account] synthetic issue #210
6,billing,[billing] synthetic issue #211
18,billing,[billing] synthetic issue #212
20,account,[account] synthetic issue #213
11,how_to,[how_to] synthetic issue #214
19,billing,[billing] synthetic issue #215
7,account,[account] synthetic issue #216
2,account,[account] synthetic issue #217
2,how_to,[how_to] synthetic issue #218
11,how_to,[how_to] synthetic issue #219
23,bug,[bug] synthetic issue #220
3,billing,[billing] synthetic issue #221
11,how_to,[how_to] synthetic issue #222
18,bug,[bug] synthetic issue #223
5,performance,[performance] synthetic issue #224
18,performance,[performance] synthetic issue #225
7,billing,[billing] synthetic issue #226
21,how_to,[how_to] synthetic issue #227
15,bug,[bug] synthetic issue #228
14,account,[account] synthetic issue #229
4,bug,[bug] synthetic issue #230
12,how_to,[how_to] synthetic issue #231
22,how_to,[how_to] synthetic issue #232
0,bug,[bug] synthetic issue #233
19,performance,[performance] synthetic issue #234
12,performance,[performance] synthetic issue #235
18,how_to,[how_to] synthetic issue #236
17,performance,[performance] synthetic issue #237
11,account,[account] synthetic issue #238
8,bug,[bug] synthetic issue #239
16,how_to,[how_to] synthetic issue #240
3,billing,[billing] synthetic issue #241
15,performance,[performance] synthetic issue #242
2,how_to,[how_to] synthetic issue #243
16,bug,[bug] synthetic issue #244
16,billing,[billing] synthetic issue #245
2,account,[account] synthetic issue #246
19,bug,[bug] synthetic issue #247
10,performance,[performance] synthetic issue #248
20,billing,[billing] synthetic issue #249
1,account,[account] synthetic issue #250
4,billing,[billing] synthetic issue #251
12,billing,[billing] synthetic issue #252
4,account,[account] synthetic issue #253
8,account,[account] synthetic issue #254
17,billing,[billing] synthetic issue #255
3,how_to,[how_to] synthetic issue #256
17,performance,[performance] synthetic issue #257
2,account,[account] synthetic issue #258
4,bug,[bug] synthetic issue #259
15,how_to,[how_to] synthetic issue #260
20,performance,[performance] synthetic issue #261
4,performance,[performance] synthetic issue #262
7,performance,[performance] synthetic issue #263
24,how_to,[how_to] synthetic issue #264
25,billing,[billing] synthetic issue #265
15,account,[account] synthetic issue #266
11,account,[account] synthetic issue #267
9,performance,[performance] synthetic issue #268
15,billing,[billing] synthetic issue #269
15,billing,[billing] synthetic issue #270
7,performance,[performance] synthetic issue #271
0,billing,[billing] synthetic issue #272
3,account,[account] synthetic issue #273
24,bug,[bug] synthetic issue #274
10,performance,[performance] synthetic issue #275
12,account,[account] synthetic issue #276
12,bug,[bug] synthetic issue #277
20,bug,[bug] synthetic issue #278
1,how_to,[how_to] synthetic issue #279
2,how_to,[how_to] synthetic issue #280
7,bug,[bug] synthetic issue #281
12,how_to,[how_to] synthetic issue #282
17,account,[account] synthetic issue #283
12,how_to,[how_to] synthetic issue #284
11,billing,[billing] synthetic issue #285
24,bug,[bug] synthetic issue #286
4,bug,[bug] synthetic issue #287
14,billing,[billing] synthetic issue #288
14,billing,[billing] synthetic issue #289
12,performance,[performance] synthetic issue #290
20,bug,[bug] synthetic issue #291
6,account,[account] synthetic issue #292
24,bug,[bug] synthetic issue #293
8,billing,[billing] synthetic issue #294
14,performance,[performance] synthetic issue #295
13,account,[account] synthetic issue #296
22,bug,[bug] synthetic issue #297
11,billing,[billing] synthetic issue #298
7,billing,[billing] synthetic issue #299
0,how_to,[how_to] synthetic issue #300
9,how_to,[how_to] synthetic issue #301
21,bug,[bug] synthetic issue #302
0,billing,[billing] synthetic issue #303
23,how_to,[how_to] synthetic issue #304
14,account,[account] synthetic issue #305
3,performance,[performance] synthetic issue #306
7,how_to,[how_to] synthetic issue #307
14,billing,[billing] synthetic issue #308
8,bug,[bug] synthetic issue #309
2,bug,[bug] synthetic issue #310
17,performance,[performance] synthetic issue #311
17,account,[account] synthetic issue #312
3,account,[account] synthetic issue #313
7,account,[account] synthetic issue #314
6,account,[account] synthetic issue #315
17,account,[account] synthetic issue #316
18,billing,[billing] synthetic issue #317
18,billing,[billing] synthetic issue #318
24,bug,[bug] synthetic issue #319
19,how_to,[how_to] synthetic issue #320
8,billing,[billing] synthetic issue #321
2,performance,[performance] synthetic issue #322
15,performance,[performance] synthetic issue #323
23,how_to,[how_to] synthetic issue #324
25,billing,[billing] synthetic issue #325
5,bug,[bug] synthetic issue #326
6,billing,[billing] synthetic issue #327
0,account,[account] synthetic issue #328
3,how_to,[how_to] synthetic issue #329
14,performance,[performance] synthetic issue #330
14,bug,[bug] synthetic issue #331
9,bug,[bug] synthetic issue #332
8,bug,[bug] synthetic issue #333
21,performance,[performance] synthetic issue #334
11,performance,[performance] synthetic issue #335
21,billing,[billing] synthetic issue #336
25,account,[account] synthetic issue #337
8,billing,[billing] synthetic issue #338
5,account,[account] synthetic issue #339
24,billing,[billing] synthetic issue #340
16,bug,[bug] synthetic issue #341
7,performance,[performance] synthetic issue #342
16,billing,[billing] synthetic issue #343
13,bug,[bug] synthetic issue #344
23,how_to,[how_to] synthetic issue #345
6,bug,[bug] synthetic issue #346
25,performance,[performance] synthetic issue #347
24,performance,[performance] synthetic issue #348
4,account,[account] synthetic issue #349
4,bug,[bug] synthetic issue #350
13,how_to,[how_to] synthetic issue #351
1,billing,[billing] synthetic issue #352
7,bug,[bug] synthetic issue #353
11,billing,[billing] synthetic issue #354
25,account,[account] synthetic issue #355
25,account,[account] synthetic issue #356
3,performance,[performance] synthetic issue #357
23,how_to,[how_to] synthetic issue #358
2,how_to,[how_to] synthetic issue #359
19,how_to,[how_to] synthetic issue #360
21,how_to,[how_to] synthetic issue #361
23,how_to,[how_to] synthetic issue #362
5,billing,[billing] synthetic issue #363
23,billing,[billing] synthetic issue #364
3,account,[account] synthetic issue #365
13,how_to,[how_to] synthetic issue #366
12,account,[account] synthetic issue #367
8,billing,[billing] synthetic issue #368
0,how_to,[how_to] synthetic issue #369
20,billing,[billing] synthetic issue #370
8,bug,[bug] synthetic issue #371
17,billing,[billing] synthetic issue #372
10,billing,[billing] synthetic issue #373
9,account,[account] synthetic issue #374
23,bug,[bug] synthetic issue #375
2,how_to,[how_to] synthetic issue #376
19,how_to,[how_to] synthetic issue #377
19,bug,[bug] synthetic issue #378
9,how_to,[how_to] synthetic issue #379
6,billing,[billing] synthetic issue #380
0,account,[account] synthetic issue #381
24,performance,[performance] synthetic issue #382
24,performance,[performance] synthetic issue #383
6,how_to,[how_to] synthetic issue #384
0,billing,[billing] synthetic issue #385
3,account,[account] synthetic issue #386
1,bug,[bug] synthetic issue #387
21,billing,[billing] synthetic issue #388
23,bug,[bug] synthetic issue #389
3,performance,[performance] synthetic issue #390
19,performance,[performance] synthetic issue #391
4,performance,[performance] synthetic issue #392
9,performance,[performance] synthetic issue #393
15,billing,[billing] synthetic issue #394
18,account,[account] synthetic issue #395
22,how_to,[how_to] synthetic issue #396
1,how_to,[how_to] synthetic issue #397
5,billing,[billing] synthetic issue #398
7,account,[account] synthetic issue #399
8,bug,[bug] synthetic issue #400
25,billing,[billing] synthetic issue #401
20,how_to,[how_to] synthetic issue #402
8,billing,[billing] synthetic issue #403
25,billing,[billing] synthetic issue #404
12,performance,[performance] synthetic issue #405
13,bug,[bug] synthetic issue #406
11,account,[account] synthetic issue #407
3,bug,[bug] synthetic issue #408
24,performance,[performance] synthetic issue #409
0,how_to,[how_to] synthetic issue #410
4,performance,[performance] synthetic issue #411
5,how_to,[how_to] synthetic issue #412
7,how_to,[how_to] synthetic issue #413
3,account,[account] synthetic issue #414
0,bug,[bug] synthetic issue #415
17,billing,[billing] synthetic issue #416
25,performance,[performance] synthetic issue #417
3,performance,[performance] synthetic issue #418
7,billing,[billing] synthetic issue #419
13,how_to,[how_to] synthetic issue #420
24,account,[account] synthetic issue #421
18,performance,[performance] synthetic issue #422
19,account,[account] synthetic issue #423
15,how_to,[how_to] synthetic issue #424
10,performance,[performance] synthetic issue #425
5,bug,[bug] synthetic issue #426
22,account,[account] synthetic issue #427
20,bug,[bug] synthetic issue #428
0,performance,[performance] synthetic issue #429
18,bug,[bug] synthetic issue #430
2,how_to,[how_to] synthetic issue #431
19,performance,[performance] synthetic issue #432
21,how_to,[how_to] synthetic issue #433
3,account,[account] synthetic issue #434
11,bug,[bug] synthetic issue #435
3,performance,[performance] synthetic issue #436
14,bug,[bug] synthetic issue #437
24,how_to,[how_to] synthetic issue #438
2,bug,[bug] synthetic issue #439
10,billing,[billing] synthetic issue #440
25,billing,[billing] synthetic issue #441
7,performance,[performance] synthetic issue #442
3,performance,[performance] synthetic issue #443
12,performance,[performance] synthetic issue #444
13,billing,[billing] synthetic issue #445
17,bug,[bug] synthetic issue #446
8,billing,[billing] synthetic issue #447
24,performance,[performance] synthetic issue #448
13,account,[account] synthetic issue #449
7,bug,[bug] synthetic issue #450
24,performance,[performance] synthetic issue #451
24,billing,[billing] synthetic issue #452
12,bug,[bug] synthetic issue #453
0,billing,[billing] synthetic issue #454
15,bug,[bug] synthetic issue #455
14,performance,[performance] synthetic issue #456
3,account,[account] synthetic issue #457
16,billing,[billing] synthetic issue #458
21,how_to,[how_to] synthetic issue #459
2,performance,[performance] synthetic issue #460
18,account,[account] synthetic issue #461
3,how_to,[how_to] synthetic issue #462
19,bug,[bug] synthetic issue #463
10,how_to,[how_to] synthetic issue #464
0,bug,[bug] synthetic issue #465
25,account,[account] synthetic issue #466
4,bug,[bug] synthetic issue #467
15,performance,[performance] synthetic issue #468
4,billing,[billing] synthetic issue #469
24,bug,[bug] synthetic issue #470
19,account,[account] synthetic issue #471
20,performance,[performance] synthetic issue #472
11,how_to,[how_to] synthetic issue #473
12,account,[account] synthetic issue #474
16,performance,[performance] synthetic issue #475
20,bug,[bug] synthetic issue #476
22,how_to,[how_to] synthetic issue #477
0,how_to,[how_to] synthetic issue #478
17,performance,[performance] synthetic issue #479
2,bug,[bug] synthetic issue #480
7,bug,[bug] synthetic issue #481
21,account,[account] synthetic issue #482
6,account,[account] synthetic issue #483
20,performance,[performance] synthetic issue #484
12,account,[account] synthetic issue #485
6,performance,[performance] synthetic issue #486
8,performance,[performance] synthetic issue #487
13,performance,[performance] synthetic issue #488
19,how_to,[how_to] synthetic issue #489
15,how_to,[how_to] synthetic issue #490
24,bug,[bug] synthetic issue #491
22,performance,[performance] synthetic issue #492
19,bug,[bug] synthetic issue #493
15,bug,[bug] synthetic issue #494
7,how_to,[how_to] synthetic issue #495
10,bug,[bug] synthetic issue #496
3,billing,[billing] synthetic issue #497
9,performance,[performance] synthetic issue #498
24,account,[account] synthetic issue #499
11,billing,[billing] synthetic issue #500
2,billing,[billing] synthetic issue #501
16,bug,[bug] synthetic issue #502
25,performance,[performance] synthetic issue #503
22,performance,[performance] synthetic issue #504
7,billing,[billing] synthetic issue #505
11,performance,[performance] synthetic issue #506
13,billing,[billing] synthetic issue #507
6,bug,[bug] synthetic issue #508
6,account,[account] synthetic issue #509
6,billing,[billing] synthetic issue #510
25,billing,[billing] synthetic issue #511
19,how_to,[how_to] synthetic issue #512
21,performance,[performance] synthetic issue #513
21,account,[account] synthetic issue #514
24,account,[account] synthetic issue #515
2,billing,[billing] synthetic issue #516
22,billing,[billing] synthetic issue #517
1,performance,[performance] synthetic issue #518
12,bug,[bug] synthetic issue #519
15,account,[account] synthetic issue #520
9,performance,[performance] synthetic issue #521
3,billing,[billing] synthetic issue #522
4,performance,[performance] synthetic issue #523
21,billing,[billing] synthetic issue #524
8,bug,[bug] synthetic issue #525
8,how_to,[how_to] synthetic issue #526
24,how_to,[how_to] synthetic issue #527
3,performance,[performance] synthetic issue #528
23,performance,[performance] synthetic issue #529
23,account,[account] synthetic issue #530
15,account,[account] synthetic issue #531
4,how_to,[how_to] synthetic issue #532
4,billing,[billing] synthetic issue #533
7,performance,[performance] synthetic issue #534
15,account,[account] synthetic issue #535
3,bug,[bug] synthetic issue #536
11,how_to,[how_to] synthetic issue #537
3,bug,[bug] synthetic issue #538
14,billing,[billing] synthetic issue #539
0,performance,[performance] synthetic issue #540
18,bug,[bug] synthetic issue #541
1,performance,[performance] synthetic issue #542
5,performance,[performance] synthetic issue #543
4,performance,[performance] synthetic issue #544
21,how_to,[how_to] synthetic issue #545
1,bug,[bug] synthetic issue #546
11,performance,[performance] synthetic issue #547
15,performance,[performance] synthetic issue #548
13,how_to,[how_to] synthetic issue #549
17,account,[account] synthetic issue #550
20,billing,[billing] synthetic issue #551
10,account,[account] synthetic issue #552
21,billing,[billing] synthetic issue #553
8,billing,[billing] synthetic issue #554
25,how_to,[how_to] synthetic issue #555
13,billing,[billing] synthetic issue #556
19,billing,[billing] synthetic issue #557
22,billing,[billing] synthetic issue #558
20,how_to,[how_to] synthetic issue #559
22,performance,[performance] synthetic issue #560
13,billing,[billing] synthetic issue #561
1,performance,[performance] synthetic issue #562
12,performance,[performance] synthetic issue #563
4,billing,[billing] synthetic issue #564
23,billing,[billing] synthetic issue #565
6,account,[account] synthetic issue #566
5,performance,[performance] synthetic issue #567
6,how_to,[how_to] synthetic issue #568
16,performance,[performance] synthetic issue #569
14,billing,[billing] synthetic issue #570
24,bug,[bug] synthetic issue #571
10,performance,[performance] synthetic issue #572
7,bug,[bug] synthetic issue #573
1,performance,[performance] synthetic issue #574
0,how_to,[how_to] synthetic issue #575
9,performance,[performance] synthetic issue #576
24,how_to,[how_to] synthetic issue #577
13,bug,[bug] synthetic issue #578
23,bug,[bug] synthetic issue #579
2,billing,[billing] synthetic issue #580
2,performance,[performance] synthetic issue #581
21,billing,[billing] synthetic issue #582
2,billing,[billing] synthetic issue #583
1,billing,[billing] synthetic issue #584
10,billing,[billing] synthetic issue #585
24,performance,[performance] synthetic issue #586
17,bug,[bug] synthetic issue #587
2,account,[account] synthetic issue #588
21,billing,[billing] synthetic issue #589
21,performance,[performance] synthetic issue #590
20,how_to,[how_to] synthetic issue #591
23,bug,[bug] synthetic issue #592
6,account,[account] synthetic issue #593
25,account,[account] synthetic issue #594
8,account,[account] synthetic issue #595
20,billing,[billing] synthetic issue #596
15,billing,[billing] synthetic issue #597
20,performance,[performance] synthetic issue #598
16,bug,[bug] synthetic issue #599
16,performance,[performance] synthetic issue #600
16,how_to,[how_to] synthetic issue #601
20,how_to,[how_to] synthetic issue #602
19,performance,[performance] synthetic issue #603
3,performance,[performance] synthetic issue #604
21,billing,[billing] synthetic issue #605
13,billing,[billing] synthetic issue #606
8,how_to,[how_to] synthetic issue #607
13,how_to,[how_to] synthetic issue #608
25,bug,[bug] synthetic issue #609
22,how_to,[how_to] synthetic issue #610
21,performance,[performance] synthetic issue #611
12,performance,[performance] synthetic issue #612
20,how_to,[how_to] synthetic issue #613
10,bug,[bug] synthetic issue #614
17,bug,[bug] synthetic issue #615
16,how_to,[how_to] synthetic issue #616
6,bug,[bug] synthetic issue #617
6,how_to,[how_to] synthetic issue #618
1,performance,[performance] synthetic issue #619
3,billing,[billing] synthetic issue #620
11,billing,[billing] synthetic issue #621
12,billing,[billing] synthetic issue #622
4,account,[account] synthetic issue #623
10,performance,[performance] synthetic issue #624
15,billing,[billing] synthetic issue #625
6,account,[account] synthetic issue #626
8,how_to,[how_to] synthetic issue #627
9,how_to,[how_to] synthetic issue #628
13,account,[account] synthetic issue #629
9,billing,[billing] synthetic issue #630
19,billing,[billing] synthetic issue #631
8,how_to,[how_to] synthetic issue #632
11,billing,[billing] synthetic issue #633
9,performance,[performance] synthetic issue #634
4,billing,[billing] synthetic issue #635
17,billing,[billing] synthetic issue #636
6,billing,[billing] synthetic issue #637
7,bug,[bug] synthetic issue #638
20,billing,[billing] synthetic issue #639
24,billing,[billing] synthetic issue #640
17,account,[account] synthetic issue #641
23,bug,[bug] synthetic issue #642
22,bug,[bug] synthetic issue #643
12,billing,[billing] synthetic issue #644
20,bug,[bug] synthetic issue #645
8,bug,[bug] synthetic issue #646
11,how_to,[how_to] synthetic issue #647
13,billing,[billing] synthetic issue #648
24,account,[account] synthetic issue #649
22,account,[account] synthetic issue #650
12,billing,[billing] synthetic issue #651
16,billing,[billing] synthetic issue #652
5,billing,[billing] synthetic issue #653
20,performance,[performance] synthetic issue #654
14,billing,[billing] synthetic issue #655
13,performance,[performance] synthetic issue #656
19,performance,[performance] synthetic issue #657
16,performance,[performance] synthetic issue #658
1,how_to,[how_to] synthetic issue #659
7,account,[account] synthetic issue #660
4,billing,[billing] synthetic issue #661
19,bug,[bug] synthetic issue #662
0,bug,[bug] synthetic issue #663
5,account,[account] synthetic issue #664
15,how_to,[how_to] synthetic issue #665
18,performance,[performance] synthetic issue #666
13,billing,[billing] synthetic issue #667
22,account,[account] synthetic issue #668
23,how_to,[how_to] synthetic issue #669
3,how_to,[how_to] synthetic issue #670
24,account,[account] synthetic issue #671
15,bug,[bug] synthetic issue #672
16,bug,[bug] synthetic issue #673
2,how_to,[how_to] synthetic issue #674
16,billing,[billing] synthetic issue #675
18,bug,[bug] synthetic issue #676
15,billing,[billing] synthetic issue #677
2,billing,[billing] synthetic issue #678
13,account,[account] synthetic issue #679
24,how_to,[how_to] synthetic issue #680
18,bug,[bug] synthetic issue #681
3,bug,[bug] synthetic issue #682
24,how_to,[how_to] synthetic issue #683
24,performance,[performance] synthetic issue #684
4,account,[account] synthetic issue #685
20,account,[account] synthetic issue #686
10,bug,[bug] synthetic issue #687
15,bug,[bug] synthetic issue #688
11,how_to,[how_to] synthetic issue #689
20,how_to,[how_to] synthetic issue #690
25,how_to,[how_to] synthetic issue #691
20,performance,[performance] synthetic issue #692
24,how_to,[how_to] synthetic issue #693
24,bug,[bug] synthetic issue #694
2,bug,[bug] synthetic issue #695
6,bug,[bug] synthetic issue #696
18,billing,[billing] synthetic issue #697
15,billing,[billing] synthetic issue #698
1,performance,[performance] synthetic issue #699
2,bug,[bug] synthetic issue #700
13,billing,[billing] synthetic issue #701
16,how_to,[how_to] synthetic issue #702
4,performance,[performance] synthetic issue #703
4,bug,[bug] synthetic issue #704
3,performance,[performance] synthetic issue #705
14,account,[account] synthetic issue #706
0,how_to,[how_to] synthetic issue #707
14,performance,[performance] synthetic issue #708
12,billing,[billing] synthetic issue #709
12,account,[account] synthetic issue #710
17,bug,[bug] synthetic issue #711
13,account,[account] synthetic issue #712
18,how_to,[how_to] synthetic issue #713
19,billing,[billing] synthetic issue #714
23,billing,[billing] synthetic issue #715
20,performance,[performance] synthetic issue #716
13,how_to,[how_to] synthetic issue #717
12,billing,[billing] synthetic issue #718
6,performance,[performance] synthetic issue #719
15,performance,[performance] synthetic issue #720
3,how_to,[how_to] synthetic issue #721
24,how_to,[how_to] synthetic issue #722
21,billing,[billing] synthetic issue #723
3,performance,[performance] synthetic issue #724
20,bug,[bug] synthetic issue #725
3,account,[account] synthetic issue #726
18,bug,[bug] synthetic issue #727
2,how_to,[how_to] synthetic issue #728
12,bug,[bug] synthetic issue #729
17,billing,[billing] synthetic issue #730
18,performance,[performance] synthetic issue #731
10,how_to,[how_to] synthetic issue #732
23,how_to,[how_to] synthetic issue #733
20,account,[account] synthetic issue #734
5,account,[account] synthetic issue #735
17,account,[account] synthetic issue #736
18,billing,[billing] synthetic issue #737
8,how_to,[how_to] synthetic issue #738
19,account,[account] synthetic issue #739
23,bug,[bug] synthetic issue #740
21,billing,[billing] synthetic issue #741
19,performance,[performance] synthetic issue #742
16,how_to,[how_to] synthetic issue #743
7,how_to,[how_to] synthetic issue #744
20,account,[account] synthetic issue #745
9,how_to,[how_to] synthetic issue #746
13,bug,[bug] synthetic issue #747
8,bug,[bug] synthetic issue #748
8,bug,[bug] synthetic issue #749
4,billing,[billing] synthetic issue #750
24,performance,[performance] synthetic issue #751
3,performance,[performance] synthetic issue #752
2,bug,[bug] synthetic issue #753
24,bug,[bug] synthetic issue #754
14,account,[account] synthetic issue #755
11,billing,[billing] synthetic issue #756
19,how_to,[how_to] synthetic issue #757
9,how_to,[how_to] synthetic issue #758
3,performance,[performance] synthetic issue #759
18,billing,[billing] synthetic issue #760
4,performance,[performance] synthetic issue #761
14,bug,[bug] synthetic issue #762
24,performance,[performance] synthetic issue #763
24,billing,[billing] synthetic issue #764
9,how_to,[how_to] synthetic issue #765
20,how_to,[how_to] synthetic issue #766
15,billing,[billing] synthetic issue #767
12,billing,[billing] synthetic issue #768
3,billing,[billing] synthetic issue #769
9,bug,[bug] synthetic issue #770
16,billing,[billing] synthetic issue #771
25,account,[account] synthetic issue #772
0,bug,[bug] synthetic issue #773
18,performance,[performance] synthetic issue #774
22,account,[account] synthetic issue #775
24,billing,[billing] synthetic issue #776
11,performance,[performance] synthetic issue #777
3,account,[account] synthetic issue #778
7,performance,[performance] synthetic issue #779
22,how_to,[how_to] synthetic issue #780
22,how_to,[how_to] synthetic issue #781
16,billing,[billing] synthetic issue #782
3,how_to,[how_to] synthetic issue #783
3,account,[account] synthetic issue #784
12,account,[account] synthetic issue #785
15,billing,[billing] synthetic issue #786
0,performance,[performance] synthetic issue #787
17,bug,[bug] synthetic issue #788
14,account,[account] synthetic issue #789
0,billing,[billing] synthetic issue #790
2,account,[account] synthetic issue #791
11,performance,[performance] synthetic issue #792
18,billing,[billing] synthetic issue #793
21,billing,[billing] synthetic issue #794
11,performance,[performance] synthetic issue #795
7,billing,[billing] synthetic issue #796
25,how_to,[how_to] synthetic issue #797
11,account,[account] synthetic issue #798
8,how_to,[how_to] synthetic issue #799
11,bug,[bug] synthetic issue #800
0,bug,[bug] synthetic issue #801
7,billing,[billing] synthetic issue #802
13,account,[account] synthetic issue #803
23,bug,[bug] synthetic issue #804
19,billing,[billing] synthetic issue #805
20,bug,[bug] synthetic issue #806
14,account,[account] synthetic issue #807
2,billing,[billing] synthetic issue #808
10,account,[account] synthetic issue #809
25,performance,[performance] synthetic issue #810
1,performance,[performance] synthetic issue #811
22,account,[account] synthetic issue #812
17,performance,[performance] synthetic issue #813
7,account,[account] synthetic issue #814
20,billing,[billing] synthetic issue #815
21,performance,[performance] synthetic issue #816
1,how_to,[how_to] synthetic issue #817
2,how_to,[how_to] synthetic issue #818
17,account,[account] synthetic issue #819
25,account,[account] synthetic issue #820
0,performance,[performance] synthetic issue #821
17,how_to,[how_to] synthetic issue #822
3,how_to,[how_to] synthetic issue #823
16,bug,[bug] synthetic issue #824
16,bug,[bug] synthetic issue #825
2,bug,[bug] synthetic issue #826
17,billing,[billing] synthetic issue #827
23,billing,[billing] synthetic issue #828
22,performance,[performance] synthetic issue #829
0,bug,[bug] synthetic issue #830
6,account,[account] synthetic issue #831
6,how_to,[how_to] synthetic issue #832
11,billing,[billing] synthetic issue #833
3,billing,[billing] synthetic issue #834
22,billing,[billing] synthetic issue #835
20,account,[account] synthetic issue #836
21,billing,[billing] synthetic issue #837
5,how_to,[how_to] synthetic issue #838
0,account,[account] synthetic issue #839
23,account,[account] synthetic issue #840
7,billing,[billing] synthetic issue #841
17,billing,[billing] synthetic issue #842
23,billing,[billing] synthetic issue #843
0,billing,[billing] synthetic issue #844
0,billing,[billing] synthetic issue #845
0,how_to,[how_to] synthetic issue #846
4,account,[account] synthetic issue #847
1,how_to,[how_to] synthetic issue #848
21,performance,[performance] synthetic issue #849
15,billing,[billing] synthetic issue #850
25,performance,[performance] synthetic issue #851
20,performance,[performance] synthetic issue #852
25,account,[account] synthetic issue #853
6,account,[account] synthetic issue #854
7,bug,[bug] synthetic issue #855
22,billing,[billing] synthetic issue #856
6,billing,[billing] synthetic issue #857
1,bug,[bug] synthetic issue #858
17,account,[account] synthetic issue #859
20,bug,[bug] synthetic issue #860
25,performance,[performance] synthetic issue #861
24,how_to,[how_to] synthetic issue #862
3,billing,[billing] synthetic issue #863
20,bug,[bug] synthetic issue #864
21,performance,[performance] synthetic issue #865
18,performance,[performance] synthetic issue #866
21,how_to,[how_to] synthetic issue #867
21,bug,[bug] synthetic issue #868
11,performance,[performance] synthetic issue #869
1,billing,[billing] synthetic issue #870
11,account,[account] synthetic issue #871
5,billing,[billing] synthetic issue #872
2,billing,[billing] synthetic issue #873
3,how_to,[how_to] synthetic issue #874
18,how_to,[how_to] synthetic issue #875
13,how_to,[how_to] synthetic issue #876
14,how_to,[how_to] synthetic issue #877
19,account,[account] synthetic issue #878
14,how_to,[how_to] synthetic issue #879
16,how_to,[how_to] synthetic issue #880
2,bug,[bug] synthetic issue #881
22,billing,[billing] synthetic issue #882
11,how_to,[how_to] synthetic issue #883
4,billing,[billing] synthetic issue #884
21,performance,[performance] synthetic issue #885
19,billing,[billing] synthetic issue #886
1,account,[account] synthetic issue #887
5,how_to,[how_to] synthetic issue #888
0,account,[account] synthetic issue #889
7,how_to,[how_to] synthetic issue #890
2,billing,[billing] synthetic issue #891
18,performance,[performance] synthetic issue #892
13,performance,[performance] synthetic issue #893
25,performance,[performance] synthetic issue #894
19,how_to,[how_to] synthetic issue #895
15,performance,[performance] synthetic issue #896
13,account,[account] synthetic issue #897
1,how_to,[how_to] synthetic issue #898
1,bug,[bug] synthetic issue #899
16,performance,[performance] synthetic issue #900
0,performance,[performance] synthetic issue #901
1,account,[account] synthetic issue #902
5,bug,[bug] synthetic issue #903
22,how_to,[how_to] synthetic issue #904
11,performance,[performance] synthetic issue #905
18,how_to,[how_to] synthetic issue #906
10,performance,[performance] synthetic issue #907
4,how_to,[how_to] synthetic issue #908
9,billing,[billing] synthetic issue #909
2,performance,[performance] synthetic issue #910
20,billing,[billing] synthetic issue #911
4,billing,[billing] synthetic issue #912
9,how_to,[how_to] synthetic issue #913
25,performance,[performance] synthetic issue #914
15,account,[account] synthetic issue #915
11,bug,[bug] synthetic issue #916
14,billing,[billing] synthetic issue #917
20,account,[account] synthetic issue #918
6,billing,[billing] synthetic issue #919
16,billing,[billing] synthetic issue #920
22,bug,[bug] synthetic issue #921
14,how_to,[how_to] synthetic issue #922
11,account,[account] synthetic issue #923
3,performance,[performance] synthetic issue #924
6,performance,[performance] synthetic issue #925
24,billing,[billing] synthetic issue #926
14,bug,[bug] synthetic issue #927
7,how_to,[how_to] synthetic issue #928
10,billing,[billing] synthetic issue #929
15,bug,[bug] synthetic issue #930
13,bug,[bug] synthetic issue #931
18,billing,[billing] synthetic issue #932
6,how_to,[how_to] synthetic issue #933
16,performance,[performance] synthetic issue #934
11,billing,[billing] synthetic issue #935
24,how_to,[how_to] synthetic issue #936
4,performance,[performance] synthetic issue #937
3,performance,[performance] synthetic issue #938
12,performance,[performance] synthetic issue #939
13,how_to,[how_to] synthetic issue #940
17,performance,[performance] synthetic issue #941
10,bug,[bug] synthetic issue #942
23,bug,[bug] synthetic issue #943
12,billing,[billing] synthetic issue #944
3,how_to,[how_to] synthetic issue #945
3,bug,[bug] synthetic issue #946
25,bug,[bug] synthetic issue #947
3,performance,[performance] synthetic issue #948
24,bug,[bug] synthetic issue #949
7,bug,[bug] synthetic issue #950
2,billing,[billing] synthetic issue #951
7,how_to,[how_to] synthetic issue #952
15,bug,[bug] synthetic issue #953
11,bug,[bug] synthetic issue #954
20,bug,[bug] synthetic issue #955
15,performance,[performance] synthetic issue #956
10,account,[account] synthetic issue #957
16,how_to,[how_to] synthetic issue #958
25,performance,[performance] synthetic issue #959
10,account,[account] synthetic issue #960
3,account,[account] synthetic issue #961
10,how_to,[how_to] synthetic issue #962
21,account,[account] synthetic issue #963
5,account,[account] synthetic issue #964
24,performance,[performance] synthetic issue #965
15,how_to,[how_to] synthetic issue #966
15,billing,[billing] synthetic issue #967
8,billing,[billing] synthetic issue #968
23,how_to,[how_to] synthetic issue #969
0,how_to,[how_to] synthetic issue #970
7,bug,[bug] synthetic issue #971
10,how_to,[how_to] synthetic issue #972
12,how_to,[how_to] synthetic issue #973
12,performance,[performance] synthetic issue #974
3,billing,[billing] synthetic issue #975
5,billing,[billing] synthetic issue #976
2,performance,[performance] synthetic issue #977
14,performance,[performance] synthetic issue #978
9,account,[account] synthetic issue #979
14,account,[account] synthetic issue #980
15,account,[account] synthetic issue #981
18,bug,[bug] synthetic issue #982
14,bug,[bug] synthetic issue #983
16,bug,[bug] synthetic issue #984
15,how_to,[how_to] synthetic issue #985
16,account,[account] synthetic issue #986
16,bug,[bug] synthetic issue #987
8,how_to,[how_to] synthetic issue #988
6,bug,[bug] synthetic issue #989
20,billing,[billing] synthetic issue #990
8,billing,[billing] synthetic issue #991
14,billing,[billing] synthetic issue #992
5,account,[account] synthetic issue #993
11,bug,[bug] synthetic issue #994
13,performance,[performance] synthetic issue #995
16,performance,[performance] synthetic issue #996
13,billing,[billing] synthetic issue #997
9,billing,[billing] synthetic issue #998
25,performance,[performance] synthetic issue #999
13,bug,[bug] synthetic issue #1000
21,account,[account] synthetic issue #1001
19,billing,[billing] synthetic issue #1002
14,performance,[performance] synthetic issue #1003
23,performance,[performance] synthetic issue #1004
3,billing,[billing] synthetic issue #1005
23,bug,[bug] synthetic issue #1006
22,account,[account] synthetic issue #1007
13,bug,[bug] synthetic issue #1008
19,how_to,[how_to] synthetic issue #1009
13,how_to,[how_to] synthetic issue #1010
6,bug,[bug] synthetic issue #1011
20,performance,[performance] synthetic issue #1012
6,performance,[performance] synthetic issue #1013
8,bug,[bug] synthetic issue #1014
13,performance,[performance] synthetic issue #1015
21,billing,[billing] synthetic issue #1016
9,billing,[billing] synthetic issue #1017
12,how_to,[how_to] synthetic issue #1018
1,account,[account] synthetic issue #1019
3,billing,[billing] synthetic issue #1020
1,billing,[billing] synthetic issue #1021
1,how_to,[how_to] synthetic issue #1022
22,performance,[performance] synthetic issue #1023
21,billing,[billing] synthetic issue #1024
21,bug,[bug] synthetic issue #1025
1,performance,[performance] synthetic issue #1026
2,bug,[bug] synthetic issue #1027
7,billing,[billing] synthetic issue #1028
14,billing,[billing] synthetic issue #1029
8,bug,[bug] synthetic issue #1030
12,how_to,[how_to] synthetic issue #1031
4,account,[account] synthetic issue #1032
19,performance,[performance] synthetic issue #1033
8,performance,[performance] synthetic issue #1034
1,account,[account] synthetic issue #1035
19,bug,[bug] synthetic issue #1036
23,bug,[bug] synthetic issue #1037
0,account,[account] synthetic issue #1038
11,bug,[bug] synthetic issue #1039
21,performance,[performance] synthetic issue #1040
18,performance,[performance] synthetic issue #1041
22,billing,[billing] synthetic issue #1042
10,how_to,[how_to] synthetic issue #1043
9,billing,[billing] synthetic issue #1044
18,billing,[billing] synthetic issue #1045
3,how_to,[how_to] synthetic issue #1046
6,bug,[bug] synthetic issue #1047
15,performance,[performance] synthetic issue #1048
17,account,[account] synthetic issue #1049
3,performance,[performance] synthetic issue #1050
13,bug,[bug] synthetic issue #1051
9,bug,[bug] synthetic issue #1052
13,bug,[bug] synthetic issue #1053
24,billing,[billing] synthetic issue #1054
1,account,[account] synthetic issue #1055
25,bug,[bug] synthetic issue #1056
11,billing,[billing] synthetic issue #1057
20,performance,[performance] synthetic issue #1058
11,bug,[bug] synthetic issue #1059
8,billing,[billing] synthetic issue #1060
20,billing,[billing] synthetic issue #1061
17,performance,[performance] synthetic issue #1062
3,performance,[performance] synthetic issue #1063
18,billing,[billing] synthetic issue #1064
19,account,[account] synthetic issue #1065
10,performance,[performance] synthetic issue #1066
24,performance,[performance] synthetic issue #1067
16,bug,[bug] synthetic issue #1068
8,billing,[billing] synthetic issue #1069
0,account,[account] synthetic issue #1070
17,bug,[bug] synthetic issue #1071
5,how_to,[how_to] synthetic issue #1072
19,performance,[performance] synthetic issue #1073
13,billing,[billing] synthetic issue #1074
12,performance,[performance] synthetic issue #1075
4,account,[account] synthetic issue #1076
18,performance,[performance] synthetic issue #1077
4,bug,[bug] synthetic issue #1078
10,account,[account] synthetic issue #1079
21,how_to,[how_to] synthetic issue #1080
23,performance,[performance] synthetic issue #1081
25,performance,[performance] synthetic issue #1082
24,performance,[performance] synthetic issue #1083
14,bug,[bug] synthetic issue #1084
5,billing,[billing] synthetic issue #1085
21,bug,[bug] synthetic issue #1086
20,how_to,[how_to] synthetic issue #1087
25,how_to,[how_to] synthetic issue #1088
16,how_to,[how_to] synthetic issue #1089
3,bug,[bug] synthetic issue #1090
13,performance,[performance] synthetic issue #1091
11,account,[account] synthetic issue #1092
21,bug,[bug] synthetic issue #1093
10,performance,[performance] synthetic issue #1094
8,performance,[performance] synthetic issue #1095
2,how_to,[how_to] synthetic issue #1096
21,billing,[billing] synthetic issue #1097
19,performance,[performance] synthetic issue #1098
1,account,[account] synthetic issue #1099
11,performance,[performance] synthetic issue #1100
12,account,[account] synthetic issue #1101
12,account,[account] synthetic issue #1102
23,bug,[bug] synthetic issue #1103
3,how_to,[how_to] synthetic issue #1104
7,how_to,[how_to] synthetic issue #1105
4,account,[account] synthetic issue #1106
6,billing,[billing] synthetic issue #1107
23,how_to,[how_to] synthetic issue #1108
24,account,[account] synthetic issue #1109
1,bug,[bug] synthetic issue #1110
16,performance,[performance] synthetic issue #1111
6,bug,[bug] synthetic issue #1112
5,account,[account] synthetic issue #1113
7,account,[account] synthetic issue #1114
5,bug,[bug] synthetic issue #1115
12,performance,[performance] synthetic issue #1116
25,bug,[bug] synthetic issue #1117
15,how_to,[how_to] synthetic issue #1118
18,performance,[performance] synthetic issue #1119
12,performance,[performance] synthetic issue #1120
0,billing,[billing] synthetic issue #1121
2,billing,[billing] synthetic issue #1122
6,performance,[performance] synthetic issue #1123
6,how_to,[how_to] synthetic issue #1124
21,how_to,[how_to] synthetic issue #1125
21,billing,[billing] synthetic issue #1126
22,bug,[bug] synthetic issue #1127
16,account,[account] synthetic issue #1128
14,billing,[billing] synthetic issue #1129
16,bug,[bug] synthetic issue #1130
10,account,[account] synthetic issue #1131
17,billing,[billing] synthetic issue #1132
20,performance,[performance] synthetic issue #1133
19,bug,[bug] synthetic issue #1134
15,account,[account] synthetic issue #1135
1,performance,[performance] synthetic issue #1136
18,account,[account] synthetic issue #1137
9,billing,[billing] synthetic issue #1138
19,how_to,[how_to] synthetic issue #1139
14,performance,[performance] synthetic issue #1140
22,bug,[bug] synthetic issue #1141
8,billing,[billing] synthetic issue #1142
24,billing,[billing] synthetic issue #1143
21,account,[account] synthetic issue #1144
8,performance,[performance] synthetic issue #1145
12,performance,[performance] synthetic issue #1146
13,performance,[performance] synthetic issue #1147
19,how_to,[how_to] synthetic issue #1148
17,how_to,[how_to] synthetic issue #1149
22,how_to,[how_to] synthetic issue #1150
9,performance,[performance] synthetic issue #1151
13,billing,[billing] synthetic issue #1152
11,account,[account] synthetic issue #1153
23,performance,[performance] synthetic issue #1154
7,bug,[bug] synthetic issue #1155
15,how_to,[how_to] synthetic issue #1156
3,billing,[billing] synthetic issue #1157
22,account,[account] synthetic issue #1158
9,account,[account] synthetic issue #1159
8,account,[account] synthetic issue #1160
15,bug,[bug] synthetic issue #1161
12,billing,[billing] synthetic issue #1162
22,billing,[billing] synthetic issue #1163
13,billing,[billing] synthetic issue #1164
13,billing,[billing] synthetic issue #1165
2,billing,[billing] synthetic issue #1166
0,account,[account] synthetic issue #1167
10,billing,[billing] synthetic issue #1168
25,billing,[billing] synthetic issue #1169
23,performance,[performance] synthetic issue #1170
16,how_to,[how_to] synthetic issue #1171
16,performance,[performance] synthetic issue #1172
10,performance,[performance] synthetic issue #1173
4,account,[account] synthetic issue #1174
0,how_to,[how_to] synthetic issue #1175
8,how_to,[how_to] synthetic issue #1176
8,performance,[performance] synthetic issue #1177
4,how_to,[how_to] synthetic issue #1178
6,bug,[bug] synthetic issue #1179
0,how_to,[how_to] synthetic issue #1180
15,billing,[billing] synthetic issue #1181
24,performance,[performance] synthetic issue #1182
17,bug,[bug] synthetic issue #1183
11,billing,[billing] synthetic issue #1184
10,bug,[bug] synthetic issue #1185
7,performance,[performance] synthetic issue #1186
3,bug,[bug] synthetic issue #1187
15,performance,[performance] synthetic issue #1188
14,account,[account] synthetic issue #1189
0,billing,[billing] synthetic issue #1190
10,performance,[performance] synthetic issue #1191
7,bug,[bug] synthetic issue #1192
4,billing,[billing] synthetic issue #1193
18,performance,[performance] synthetic issue #1194
13,account,[account] synthetic issue #1195
16,bug,[bug] synthetic issue #1196
18,how_to,[how_to] synthetic issue #1197
25,bug,[bug] synthetic issue #1198
20,how_to,[how_to] synthetic issue #1199
16,performance,[performance] synthetic issue #1200
